{"cameraMode":{"drawMode":0,"name":"Shaded","section":"Shading Mode"},"sceneLighting":false,"audioPlay":false,"sceneViewState":{"m_AlwaysRefresh":false,"showFog":true,"showSkybox":false,"showFlares":true,"showImageEffects":true,"showParticleSystems":true,"showVisualEffectGraphs":true,"m_FxEnabled":true},"in2DMode":false,"pivot":{"x":31.785646438598634,"y":0.7302947044372559,"z":84.0239028930664},"rotation":{"x":-0.09365928918123245,"y":0.2255614846944809,"z":-0.021790828555822374,"w":-0.9694730043411255},"size":12.124354362487793,"orthographic":false}